{"cameraMode":{"drawMode":0,"name":"Shaded","section":"Shading Mode"},"sceneLighting":false,"audioPlay":false,"sceneViewState":{"showFog":false,"showMaterialUpdate":true,"showSkybox":false,"showFlares":false,"showImageEffects":false,"showParticleSystems":false},"in2DMode":false,"pivot":{"x":0.014900000765919686,"y":-0.029429994523525239,"z":0.0017999997362494469},"rotation":{"x":0.04049248993396759,"y":0.959346354007721,"z":-0.20631009340286256,"w":0.18828457593917848},"size":0.039160825312137607,"orthographic":false}