{"cameraMode":{"drawMode":0,"name":"Shaded","section":"Shading Mode"},"sceneLighting":false,"audioPlay":false,"sceneViewState":{"showFog":false,"showMaterialUpdate":true,"showSkybox":false,"showFlares":false,"showImageEffects":false,"showParticleSystems":false},"in2DMode":false,"pivot":{"x":1.893061876296997,"y":1.736166000366211,"z":4.340620994567871},"rotation":{"x":0.12512747943401338,"y":0.3141600489616394,"z":-0.0418136827647686,"w":0.9401586055755615},"size":5.102626323699951,"orthographic":false}