{"cameraMode":{"drawMode":0,"name":"Shaded","section":"Shading Mode"},"sceneLighting":true,"audioPlay":false,"sceneViewState":{"showFog":false,"showMaterialUpdate":true,"showSkybox":false,"showFlares":false,"showImageEffects":false,"showParticleSystems":false},"in2DMode":false,"pivot":{"x":-2.896256685256958,"y":3.8428759574890138,"z":0.7412664890289307},"rotation":{"x":-0.007363122887909412,"y":0.846802294254303,"z":-0.011726582422852517,"w":-0.5317276120185852},"size":3.631591796875,"orthographic":false}