{"cameraMode":{"drawMode":0,"name":"Shaded","section":"Shading Mode"},"sceneLighting":false,"audioPlay":false,"sceneViewState":{"showFog":false,"showMaterialUpdate":true,"showSkybox":false,"showFlares":false,"showImageEffects":false,"showParticleSystems":false},"in2DMode":false,"pivot":{"x":2.078000068664551,"y":0.5606325268745422,"z":-3.5579090118408205},"rotation":{"x":-0.26392099261283877,"y":-0.46120357513427737,"z":0.1458652913570404,"w":-0.8344820737838745},"size":1.714730143547058,"orthographic":false}