{"cameraMode":{"drawMode":0,"name":"Shaded","section":"Shading Mode"},"sceneLighting":false,"audioPlay":false,"sceneViewState":{"showFog":false,"showMaterialUpdate":true,"showSkybox":false,"showFlares":false,"showImageEffects":false,"showParticleSystems":false},"in2DMode":false,"pivot":{"x":0.0,"y":1.7799999713897706,"z":0.28999996185302737},"rotation":{"x":0.014209913089871407,"y":0.593167245388031,"z":0.010472245514392853,"w":-0.8048858046531677},"size":4.041658401489258,"orthographic":false}