{"cameraMode":{"drawMode":0,"name":"Shaded","section":"Shading Mode"},"sceneLighting":false,"audioPlay":false,"sceneViewState":{"showFog":false,"showMaterialUpdate":true,"showSkybox":false,"showFlares":false,"showImageEffects":false,"showParticleSystems":false},"in2DMode":false,"pivot":{"x":-0.029476165771484376,"y":0.33348703384399416,"z":0.971402645111084},"rotation":{"x":0.10492132604122162,"y":-0.8298129439353943,"z":0.1667552888393402,"w":0.5221061110496521},"size":1.7965202331542969,"orthographic":false}