{"cameraMode":{"drawMode":0,"name":"Shaded","section":"Shading Mode"},"sceneLighting":false,"audioPlay":false,"sceneViewState":{"showFog":false,"showMaterialUpdate":true,"showSkybox":false,"showFlares":false,"showImageEffects":false,"showParticleSystems":false},"in2DMode":false,"pivot":{"x":4.764708518981934,"y":12.848548889160157,"z":-2.450124740600586},"rotation":{"x":-0.09099718928337097,"y":-0.47588422894477847,"z":0.04958294704556465,"w":-0.8733815550804138},"size":36.003684997558597,"orthographic":false}