{"cameraMode":{"drawMode":0,"name":"Shaded","section":"Shading Mode"},"sceneLighting":false,"audioPlay":false,"sceneViewState":{"showFog":false,"showMaterialUpdate":true,"showSkybox":false,"showFlares":false,"showImageEffects":false,"showParticleSystems":false},"in2DMode":false,"pivot":{"x":-8.060503959655762,"y":0.7400000095367432,"z":-4.4760308265686039},"rotation":{"x":-0.26392099261283877,"y":-0.46120357513427737,"z":0.1458652913570404,"w":-0.8344820737838745},"size":1.714731216430664,"orthographic":false}