{"cameraMode":{"drawMode":0,"name":"Shaded","section":"Shading Mode"},"sceneLighting":false,"audioPlay":false,"sceneViewState":{"showFog":false,"showMaterialUpdate":true,"showSkybox":false,"showFlares":false,"showImageEffects":false,"showParticleSystems":false},"in2DMode":false,"pivot":{"x":3.057926654815674,"y":-3.4964375495910646,"z":7.0242414474487309},"rotation":{"x":0.42555126547813418,"y":0.18899311125278474,"z":-0.09136896580457688,"w":0.8802496790885925},"size":13.094615936279297,"orthographic":false}