{"cameraMode":{"drawMode":0,"name":"Shaded","section":"Shading Mode"},"sceneLighting":false,"audioPlay":false,"sceneViewState":{"showFog":false,"showMaterialUpdate":true,"showSkybox":false,"showFlares":false,"showImageEffects":false,"showParticleSystems":false},"in2DMode":false,"pivot":{"x":-104.89788818359375,"y":-488.7475891113281,"z":-534.4317016601563},"rotation":{"x":-0.05304465815424919,"y":-0.6772269606590271,"z":0.04906139150261879,"w":-0.7322178483009338},"size":1028.103271484375,"orthographic":false}