{"cameraMode":{"drawMode":0,"name":"Shaded","section":"Shading Mode"},"sceneLighting":false,"audioPlay":false,"sceneViewState":{"showFog":false,"showMaterialUpdate":true,"showSkybox":false,"showFlares":false,"showImageEffects":false,"showParticleSystems":false},"in2DMode":false,"pivot":{"x":0.09563106298446655,"y":0.08857882022857666,"z":-0.1311783790588379},"rotation":{"x":0.05720330402255058,"y":0.9229544401168823,"z":-0.34934744238853457,"w":0.15112672746181489},"size":1.6666903495788575,"orthographic":false}