{"cameraMode":{"drawMode":0,"name":"Shaded","section":"Shading Mode"},"sceneLighting":false,"audioPlay":false,"sceneViewState":{"showFog":false,"showMaterialUpdate":true,"showSkybox":false,"showFlares":false,"showImageEffects":false,"showParticleSystems":false},"in2DMode":false,"pivot":{"x":-3.31551456451416,"y":13.26997184753418,"z":-9.03506088256836},"rotation":{"x":0.1274760365486145,"y":0.8709009289741516,"z":-0.30593398213386538,"w":0.3628855347633362},"size":39.100955963134769,"orthographic":false}